"Catalog"	"Barcode"	"Description"	"Clone"	"Reactivity"	"Sequence"	"Ensembl Gene Id"	"Date Released"
"394601"	"A0251"	"CD298/beta2-microglobulin"	"LNH-94; 2M2"	"Human"	"GTCAACTCTTTAGCG"	"ENSG00000069849, ENSG00000166710"	"07/10/2018"
"394603"	"A0252"	"CD298/beta2-microglobulin"	"LNH-94; 2M2"	"Human"	"TGATGGCCTATTGGG"	"ENSG00000069849, ENSG00000166710"	"07/10/2018"
"394605"	"A0253"	"CD298/beta2-microglobulin"	"LNH-94; 2M2"	"Human"	"TTCCGCCTCTCTTTG"	"ENSG00000069849, ENSG00000166710"	"07/10/2018"
"394607"	"A0254"	"CD298/beta2-microglobulin"	"LNH-94; 2M2"	"Human"	"AGTAAGTTCAGCGTA"	"ENSG00000069849, ENSG00000166710"	"07/10/2018"
"394609"	"A0255"	"CD298/beta2-microglobulin"	"LNH-94; 2M2"	"Human"	"AAGTATCGTTTCGCA"	"ENSG00000069849, ENSG00000166710"	"07/10/2018"
"394611"	"A0256"	"CD298/beta2-microglobulin"	"LNH-94; 2M2"	"Human"	"GGTTGCCAGATGTCA"	"ENSG00000069849, ENSG00000166710"	"07/10/2018"
"394613"	"A0257"	"CD298/beta2-microglobulin"	"LNH-94; 2M2"	"Human"	"TGTCTTTCCTGCCAG"	"ENSG00000069849, ENSG00000166710"	"07/10/2018"
"394615"	"A0258"	"CD298/beta2-microglobulin"	"LNH-94; 2M2"	"Human"	"CTCCTCTGCAATTAC"	"ENSG00000069849, ENSG00000166710"	"07/10/2018"
"394617"	"A0259"	"CD298/beta2-microglobulin"	"LNH-94; 2M2"	"Human"	"CAGTAGTCACGGTCA"	"ENSG00000069849, ENSG00000166710"	"07/10/2018"
"394619"	"A0260"	"CD298/beta2-microglobulin"	"LNH-94; 2M2"	"Human"	"ATTGACCCGCGTTAG"	"ENSG00000069849, ENSG00000166710"	"07/10/2018"
"394623"	"A0262"	"CD298/beta2-microglobulin"	"LNH-94; 2M2"	"Human"	"TAACGACCAGCCATA"	"ENSG00000069849, ENSG00000166710"	"07/10/2018"
"394625"	"A0263"	"CD298/beta2-microglobulin"	"LNH-94; 2M2"	"Human"	"AAATCTCTCAGGCTC"	"ENSG00000069849, ENSG00000166710"	"07/10/2018"
"394627"	"A0264"	"CD298/beta2-microglobulin"	"LNH-94; 2M2"	"Human"	"CTGTATGTCCGATTG"	"ENSG00000069849, ENSG00000166710"	"07/10/2018"
"394629"	"A0265"	"CD298/beta2-microglobulin"	"LNH-94; 2M2"	"Human"	"TAAGATTCAGAGCGA"	"ENSG00000069849, ENSG00000166710"	"07/10/2018"
"394681"	"A0276"	"CD298/beta2-microglobulin"	"LNH-94; 2M2"	"Human"	"CTCAGTGCATTCTGG"	"ENSG00000069849, ENSG00000166710"	"01/13/2022"
"155801"	"A0301"	"H-2/CD45"	"M1/42; 30-F11"	"Mouse"	"ACCCACCAGTAAGAC"	"ENSMUSG00000026395"	"07/10/2018"
"155803"	"A0302"	"H-2/CD45"	"M1/42; 30-F11"	"Mouse"	"GGTCGAGAGCATTCA"	"ENSMUSG00000026395"	"07/10/2018"
"155805"	"A0303"	"H-2/CD45"	"M1/42; 30-F11"	"Mouse"	"CTTGCCGCATGTCAT"	"ENSMUSG00000026395"	"07/10/2018"
"155807"	"A0304"	"H-2/CD45"	"M1/42; 30-F11"	"Mouse"	"AAAGCATTCTTCACG"	"ENSMUSG00000026395"	"07/10/2018"
"155809"	"A0305"	"H-2/CD45"	"M1/42; 30-F11"	"Mouse"	"CTTTGTCTTTGTGAG"	"ENSMUSG00000026395"	"07/10/2018"
"155811"	"A0306"	"H-2/CD45"	"M1/42; 30-F11"	"Mouse"	"TATGCTGCCACGGTA"	"ENSMUSG00000026395"	"07/10/2018"
"155813"	"A0307"	"H-2/CD45"	"M1/42; 30-F11"	"Mouse"	"GAGTCTGCCAGTATC"	"ENSMUSG00000026395"	"07/10/2018"
"155815"	"A0308"	"H-2/CD45"	"M1/42; 30-F11"	"Mouse"	"TATAGAACGCCAGGC"	"ENSMUSG00000026395"	"07/10/2018"
"155817"	"A0309"	"H-2/CD45"	"M1/42; 30-F11"	"Mouse"	"TGCCTATGAAACAAG"	"ENSMUSG00000026395"	"07/10/2018"
"155819"	"A0310"	"H-2/CD45"	"M1/42; 30-F11"	"Mouse"	"CCGATTGTAACAGAC"	"ENSMUSG00000026395"	"07/10/2018"
"155821"	"A0311"	"H-2/CD45"	"M1/42; 30-F11"	"Mouse"	"GCTTACCGAATTAAC"	"ENSMUSG00000026395"	"07/10/2018"
"155823"	"A0312"	"H-2/CD45"	"M1/42; 30-F11"	"Mouse"	"CTGCAAATATAACGG"	"ENSMUSG00000026395"	"07/10/2018"
"155825"	"A0313"	"H-2/CD45"	"M1/42; 30-F11"	"Mouse"	"CTACATTGCGATTTG"	"ENSMUSG00000026395"	"07/10/2018"
"155827"	"A0314"	"H-2/CD45"	"M1/42; 30-F11"	"Mouse"	"CTTTCGCCAACTCTG"	"ENSMUSG00000026395"	"10/05/2018"
"155829"	"A0315"	"H-2/CD45"	"M1/42; 30-F11"	"Mouse"	"CCCTCTCTGGATTCT"	"ENSMUSG00000026395"	"10/15/2018"
"682205"	"A0451"	"Nuclear Pore Complex Proteins"	"MAb414"	"Vertebrate, Xenopus, Yeast"	"TTCCTGCCATTACTA"	""	"04/28/2020"
"682207"	"A0452"	"Nuclear Pore Complex Proteins"	"MAb414"	"Vertebrate, Xenopus, Yeast"	"CCGTACCTCATTGTT"	""	"04/28/2020"
"682209"	"A0453"	"Nuclear Pore Complex Proteins"	"MAb414"	"Vertebrate, Xenopus, Yeast"	"GGTAGATGTCCTCAG"	""	"04/28/2020"
"682211"	"A0454"	"Nuclear Pore Complex Proteins"	"MAb414"	"Vertebrate, Xenopus, Yeast"	"TGGTGTCATTCTTGA"	""	"04/28/2020"
"682213"	"A0455"	"Nuclear Pore Complex Proteins"	"MAb414"	"Vertebrate, Xenopus, Yeast"	"ATGATGAACAGCCAG"	""	"05/04/2020"
"682215"	"A0456"	"Nuclear Pore Complex Proteins"	"MAb414"	"Vertebrate, Xenopus, Yeast"	"CTCGAACGCTTATCG"	""	"04/28/2020"
"682217"	"A0457"	"Nuclear Pore Complex Proteins"	"MAb414"	"Vertebrate, Xenopus, Yeast"	"CTTATCACCGCTCAA"	""	"04/28/2020"
"682219"	"A0458"	"Nuclear Pore Complex Proteins"	"MAb414"	"Vertebrate, Xenopus, Yeast"	"TGACGCCGTTGTTGT"	""	"04/28/2020"
"682221"	"A0459"	"Nuclear Pore Complex Proteins"	"MAb414"	"Vertebrate, Xenopus, Yeast"	"GCCTAGTATGATCCA"	""	"04/28/2020"
"682223"	"A0460"	"Nuclear Pore Complex Proteins"	"MAb414"	"Vertebrate, Xenopus, Yeast"	"AGTCACAGTATTCCA"	""	"04/28/2020"
"682225"	"A0461"	"Nuclear Pore Complex Proteins"	"MAb414"	"Vertebrate, Xenopus, Yeast"	"TTGGCCTTTGTATCG"	""	"05/04/2020"
"682227"	"A0462"	"Nuclear Pore Complex Proteins"	"MAb414"	"Vertebrate, Xenopus, Yeast"	"AACGCCAGTATGAAC"	""	"05/04/2020"
"682229"	"A0463"	"Nuclear Pore Complex Proteins"	"MAb414"	"Vertebrate, Xenopus, Yeast"	"GCTTCCGTATATCTG"	""	"05/04/2020"
"682231"	"A0464"	"Nuclear Pore Complex Proteins"	"MAb414"	"Vertebrate, Xenopus, Yeast"	"AGCAACTCACTCTTT"	""	"05/04/2020"
"682233"	"A0465"	"Nuclear Pore Complex Proteins"	"MAb414"	"Vertebrate, Xenopus, Yeast"	"CACTAGAGCTTGGAT"	""	"05/04/2020"